plant_id,species,leaf_number,length,width,wet_mass_g
17,,1,54,15,0.02266
17,,2,48,20,0.02222
17,,3,30,3,0.00649
18,,1,60,8,0.04267
18,,2,59,5,0.03632
18,,3,39,3,0.01205
19,,1,75,24,0.08254
19,,2,46,7,0.01805
19,,3,28,3,0.00588
20,,1,86,25,0.06026
20,,2,63,7,0.02367
20,,3,47,4,0.01333
21,,1,75,22,0.03796
21,,2,52,4,0.01664
21,,3,58,11,0.02111
22,,1,84,17,0.09161
22,,2,56,6,0.03906
22,,3,54,13,0.03035
23,,1,48,21,0.01761
23,,2,42,10,0.01362
23,,3,34,6,0.00884